epoch,train_mse,val_mse,sample_psnr,sample_ssim
1,0.13694377309377564,0.1263138983142562,25.239572372049203,0.9655679166316986
2,0.1361182073921211,0.13607085452531464,22.411093531258956,0.9594641625881195
3,0.1354422048932045,0.13017428149614715,25.967415253752474,0.9644719362258911
