epoch,train_mse,val_mse,sample_psnr,sample_ssim
1,0.12866126164793967,0.10269159614108503,21.8336877391333,0.916323721408844
